<?xml version="1.0" encoding="UTF-8"?>
<!DOCTYPE plist PUBLIC "-//Apple Computer//DTD PLIST 1.0//EN" "http://www.apple.com/DTDs/PropertyList-1.0.dtd">
<plist version="1.0">
<dict>
	<key>nodeAttributes</key>
	<dict>
		<key>category</key>
		<string>+ Deprecated</string>
		<key>categories</key>
		<array>
			<string>+ Deprecated</string>
		</array>
		<key>copyright</key>
		<string>Copyright 2007 Kosada Incorporated. All rights reserved.</string>
		<key>description</key>
		<string>This patch is deprecated.  Use the updated GLTools patches.

http://kineme.net/</string>
		<key>name</key>
		<string>GL Line Structure</string>
	</dict>

</dict>
</plist>

