<?xml version="1.0" encoding="UTF-8"?>
<!DOCTYPE plist PUBLIC "-//Apple Computer//DTD PLIST 1.0//EN" "http://www.apple.com/DTDs/PropertyList-1.0.dtd">
<plist version="1.0">
<dict>
	<key>nodeAttributes</key>
	<dict>
		<key>category</key>
		<string>Kineme GL</string>
		<key>categories</key>
		<array>
			<string>Kineme GL</string>
		</array>
		<key>copyright</key>
		<string>Copyright 2008 Kosada Incorporated. All rights reserved.</string>
		<key>description</key>
		<string>This patch renders a torus.
		
http://kineme.net/</string>
		<key>name</key>
		<string>GL Torus</string>
	</dict>
	<key>inputAttributes</key>
	<dict>
		<key>inputMajorRadius</key>
		<dict>
			<key>description</key>
			<string>The major radius of the torus</string>
			<key>name</key>
			<string>Major Radius</string>
		</dict>
		<key>inputMinorRadius</key>
		<dict>
			<key>description</key>
			<string>The minor radius of the torus</string>
			<key>name</key>
			<string>Minor Radius</string>
		</dict>

		<key>inputXPosition</key>
		<dict>
			<key>description</key>
			<string>X Position</string>
			<key>name</key>
			<string>X Position</string>
		</dict>
		<key>inputYPosition</key>
		<dict>
			<key>description</key>
			<string>Y Position</string>
			<key>name</key>
			<string>Y Position</string>
		</dict>
		<key>inputZPosition</key>
		<dict>
			<key>description</key>
			<string>Z Position</string>
			<key>name</key>
			<string>Z Position</string>
		</dict>

		<key>inputXRotation</key>
		<dict>
			<key>description</key>
			<string>X Rotation</string>
			<key>name</key>
			<string>X Rotation</string>
		</dict>
		<key>inputYRotation</key>
		<dict>
			<key>description</key>
			<string>Y Rotation</string>
			<key>name</key>
			<string>Y Rotation</string>
		</dict>
		<key>inputZRotation</key>
		<dict>
			<key>description</key>
			<string>Z Rotation</string>
			<key>name</key>
			<string>Z Rotation</string>
		</dict>

		<key>inputStacks</key>
		<dict>
			<key>description</key>
			<string>Number of stacks the torus is composed of</string>
			<key>name</key>
			<string>Stacks</string>
		</dict>
		<key>inputSlices</key>
		<dict>
			<key>description</key>
			<string>Number of slices the torus is composed of</string>
			<key>name</key>
			<string>Slices</string>
		</dict>
		
		<key>inputImage</key>
		<dict>
			<key>description</key>
			<string>Torus image</string>
			<key>name</key>
			<string>Image</string>
		</dict>
		<key>inputColor</key>
		<dict>
			<key>description</key>
			<string>Torus color</string>
			<key>name</key>
			<string>Color</string>
		</dict>
	</dict>
	<key>outputAttributes</key>
	<dict>
	</dict>
</dict>
</plist>
