<?xml version="1.0" encoding="UTF-8"?>
<!DOCTYPE plist PUBLIC "-//Apple Computer//DTD PLIST 1.0//EN" "http://www.apple.com/DTDs/PropertyList-1.0.dtd">
<plist version="1.0">
<dict>
	<key>nodeAttributes</key>
	<dict>
		<key>category</key>
		<string>- Kineme GL</string>
		<key>categories</key>
		<array>
			<string>- Kineme GL</string>
		</array>
		<key>copyright</key>
		<string>Copyright 2009 Kosada Incorporated. All rights reserved.</string>
		<key>description</key>
		<string>This patch renders its subpatches and provides an image buffer with color data and with depth data.
		
http://kineme.net/</string>
		<key>name</key>
		<string>Render In Image With Depth</string>
	</dict>
	<key>inputAttributes</key>
	<dict>
		<key>inputWidth</key>
		<dict>
			<key>description</key>
			<string>Pixels Wide</string>
			<key>name</key>
			<string>Pixels Wide</string>
		</dict>
		<key>inputHeight</key>
		<dict>
			<key>description</key>
			<string>Pixels High</string>
			<key>name</key>
			<string>Pixels High</string>
		</dict>
	</dict>
	<key>outputAttributes</key>
	<dict>
		<key>outputImage</key>
		<dict>
			<key>description</key>
			<string>Image</string>
			<key>name</key>
			<string>Image</string>
		</dict>
		<key>outputDepthImage</key>
		<dict>
			<key>description</key>
			<string>Depth Image</string>
			<key>name</key>
			<string>Depth Image</string>
		</dict>
	</dict>
</dict>
</plist>
