<?xml version="1.0" encoding="UTF-8"?>
<!DOCTYPE plist PUBLIC "-//Apple Computer//DTD PLIST 1.0//EN" "http://www.apple.com/DTDs/PropertyList-1.0.dtd">
<plist version="1.0">
<dict>
	<key>nodeAttributes</key>
	<dict>
		<key>category</key>
		<string>Kineme GL</string>
		<key>categories</key>
		<array>
			<string>Kineme GL</string>
		</array>
		<key>copyright</key>
		<string>Copyright 2008 Kosada Incorporated. All rights reserved.</string>
		<key>description</key>
		<string>This patch modifies the GL viewport.
		
http://kineme.net/</string>
		<key>name</key>
		<string>GL Viewport</string>
	</dict>
	<key>inputAttributes</key>
	<dict>
		<key>inputX</key>
		<dict>
			<key>description</key>
			<string>The viewport x offset</string>
			<key>name</key>
			<string>X Offset</string>
		</dict>
		<key>inputY</key>
		<dict>
			<key>description</key>
			<string>The viewport y offset</string>
			<key>name</key>
			<string>Y Offset</string>
		</dict>
		<key>inputW</key>
		<dict>
			<key>description</key>
			<string>The viewport width</string>
			<key>name</key>
			<string>Width</string>
		</dict>
		<key>inputH</key>
		<dict>
			<key>description</key>
			<string>The viewport height</string>
			<key>name</key>
			<string>Height</string>
		</dict>
	</dict>
	<key>outputAttributes</key>
	<dict>
	</dict>
</dict>
</plist>
