<?xml version="1.0" encoding="UTF-8"?>
<!DOCTYPE plist PUBLIC "-//Apple Computer//DTD PLIST 1.0//EN" "http://www.apple.com/DTDs/PropertyList-1.0.dtd">
<plist version="1.0">
<dict>
	<key>nodeAttributes</key>
	<dict>
		<key>category</key>
		<string>Kineme GL</string>
		<key>categories</key>
		<array>
			<string>Kineme GL</string>
		</array>
		<key>copyright</key>
		<string>Copyright 2008 Kosada Incorporated. All rights reserved.</string>
		<key>description</key>
		<string>This patch modifies the GL Shade Model, allowing for Flat or Smooth shading.
		
http://kineme.net/</string>
		<key>name</key>
		<string>GL Shade Model</string>
	</dict>
	<key>inputAttributes</key>
	<dict>
		<key>inputMode</key>
		<dict>
			<key>description</key>
			<string>Shade Model to use</string>
			<key>name</key>
			<string>Shade Model</string>
			<key>menu</key>
			<array>
				<string>Smooth</string>
				<string>Flat</string>
			</array>
		</dict>
	</dict>
	<key>outputAttributes</key>
	<dict>
	</dict>
</dict>
</plist>
